second,count,percentage
1,10423,4.498237043238834
2,25193,10.872501758641077
3,69655,30.06089429596095
4,64132,27.677342229395848
5,33917,14.63750415384549
6,9589,4.1383090288417135
7,4349,1.876890808888582
8,2761,1.191560249101259
9,1812,0.7820018730066935
